<?xml version="1.0" encoding="utf-8"?>
<!DOCTYPE hibernate-mapping PUBLIC
        "-//Hibernate/Hibernate Mapping DTD//EN"
        "http://www.hibernate.org/dtd/hibernate-mapping-3.0.dtd">

<hibernate-mapping>
    <class name="three.Parameter" table="Parameter">

        <meta attribute="class-description">
            This class contains developer's details.
        </meta>

        <id name="id" type="long" column="C_ID">
            <generator class="native"/>
        </id>

        <property name="name" column="C_NAME" type="string" not-null="true"/>
        <property name="value" column="C_VALUE" type="string" not-null="true"/>
        <!--<many-to-one name="type" column="C_TYPE_ID" class="three.TypeDefinition" cascade="create" unique="true" fetch="join"/>-->
        <many-to-one name="type" column="C_TYPE_ID" class="three.TypeDefinition" cascade="save-update" unique="true" fetch="join"/>
        <!--<many-to-one name="type" column="C_TYPE_ID" update="false" class="three.TypeDefinition" cascade="" unique="true" fetch="join"/>-->

    </class>
</hibernate-mapping>
