<?xml version="1.0" encoding="utf-8"?>
<!DOCTYPE hibernate-mapping PUBLIC
        "-//Hibernate/Hibernate Mapping DTD//EN"
        "http://www.hibernate.org/dtd/hibernate-mapping-3.0.dtd">

<hibernate-mapping>
    <class name="three.World" table="World">

        <meta attribute="class-description">
            This class contains developer's details.
        </meta>

        <id name="id" type="long" column="C_ID">
            <generator class="native"/>
        </id>

        <property name="name" column="C_NAME" type="string" not-null="true"/>
        <property name="creationDate" column="C_DATE" type="timestamp" not-null="true"/>
        <!--<set name="parameters" lazy="false" inverse="true" table="Parameter" cascade="all">-->
            <!--<key column="C_ID"/>-->
            <!--<one-to-many class="three.Parameter" />-->
        <!--</set>-->

        <set name="parameters" cascade="all">
            <key column="C_P_ID"/>
            <one-to-many class="three.Parameter"/>
        </set>


    </class>
</hibernate-mapping>
