<?xml version="1.0" encoding="utf-8"?>
<!DOCTYPE hibernate-mapping PUBLIC
        "-//Hibernate/Hibernate Mapping DTD//EN"
        "http://www.hibernate.org/dtd/hibernate-mapping-3.0.dtd">

<hibernate-mapping>
    <class name="four.TypeDefinition" table="TypeDefinition4">

        <meta attribute="class-description">
            This class contains developer's details.
        </meta>

        <id name="id" type="long" column="C_ID">
            <!--<generator class="native"/>-->
            <generator class="four.KeyGenerator"/>
        </id>

        <property name="name" column="C_NAME" type="string" not-null="true"/>
        <property name="type" column="C_TYPE" not-null="true">
            <type name="org.hibernate.type.EnumType">
                <param name="enumClass">four.Type</param>
                <param name="useNamed">true</param>
            </type>
        </property>

    </class>
</hibernate-mapping>
