<?xml version="1.0" encoding="utf-8"?>
<!DOCTYPE hibernate-mapping PUBLIC
        "-//Hibernate/Hibernate Mapping DTD//EN"
        "http://www.hibernate.org/dtd/hibernate-mapping-3.0.dtd">

<hibernate-mapping>
    <class name="four.World" table="World4">

        <meta attribute="class-description">
            This class contains developer's details.
        </meta>

        <id name="id" type="long" column="C_ID">
            <generator class="native"/>
        </id>

        <property name="name" column="C_NAME" type="string" not-null="true"/>
        <property name="creationDate" column="C_DATE" type="timestamp" not-null="true"/>

        <map name = "parameters" cascade="all">
            <key column = "W_C_ID"/> <!-- id сущности world в таблице параметров -->
            <index column = "id" type = "long"/>
            <one-to-many class="four.Parameter"/>
        </map>

    </class>
</hibernate-mapping>
