<?xml version="1.0" encoding="utf-8"?>
<!DOCTYPE hibernate-configuration SYSTEM
        "http://www.hibernate.org/dtd/hibernate-configuration-3.0.dtd">

<hibernate-configuration>
    <session-factory>
        <property name="hibernate.dialect">org.hibernate.dialect.H2Dialect</property>
        <property name="hibernate.connection.driver_class">org.h2.Driver</property>

        <!-- Assume PROSELYTE_TUTORIAL is the database name -->
        <property name="hibernate.connection.url">jdbc:h2:mem:test;DB_CLOSE_DELAY=-1</property>
        <!--<property name="hibernate.connection.url">jdbc:h2:~/test;DB_CLOSE_DELAY=-1</property>-->
        <property name="hibernate.connection.username"></property>
        <property name="hibernate.connection.password"></property>

        <!--<properties>-->
        <!--<property name="javax.persistence.jdbc.driver" value="org.h2.Driver" />-->
        <!--<property name="javax.persistence.jdbc.url"    value="jdbc:h2:mem:test" />-->
        <!--<property name="javax.persistence.jdbc.user" value="sa" />-->
        <!--<property name="javax.persistence.jdbc.password" value="" />-->
        <!--<property name="hibernate.dialect" value="org.hibernate.dialect.H2Dialect"/>-->
        <!--<property name="hibernate.hbm2ddl.auto" value="create-drop" />-->
        <!--<property name="show_sql" value="true"/>-->
        <!--<property name="hibernate.temp.use_jdbc_metadata_defaults" value="false"/>-->
        <!--</properties>-->
        <property name="show_sql">true</property>
        <!--<property name="format_sql">true</property>-->
        <!--<property name="use_sql_comments">true</property>-->
        <property name="hibernate.hbm2ddl.auto">create-drop</property>


        <!-- List of XML mapping files three -->
        <mapping resource="three/TypeDefinition.xml"/>
        <mapping resource="three/Parameter.xml"/>
        <mapping resource="three/World.xml"/>

    </session-factory>
</hibernate-configuration>


